{
  "0": {
    "times": [
      19.80647873878479,
      18.090269088745117,
      18.11980175971985,
      18.400935411453247,
      18.988933086395264,
      18.549612045288086,
      18.44237494468689,
      18.680540084838867,
      18.50076961517334,
      18.708410501480103
    ],
    "av_time": 18.628812527656557,
    "min_time": 18.090269088745117,
    "max_time": 19.80647873878479,
    "results_length": 69
  },
  "1": {
    "times": [
      3.19600248336792,
      2.789290189743042,
      2.8062283992767334,
      2.772149085998535,
      2.897434949874878,
      2.8843109607696533,
      2.9004087448120117,
      3.0045571327209473,
      2.793264627456665,
      2.8191847801208496
    ],
    "av_time": 2.8862831354141236,
    "min_time": 2.772149085998535,
    "max_time": 3.19600248336792,
    "results_length": 0
  },
  "2": {
    "times": [
      33.141573667526245,
      32.45978498458862,
      32.107295751571655,
      32.161144971847534,
      32.05456590652466,
      32.11667585372925,
      32.03490138053894,
      32.17739963531494,
      32.278658390045166,
      32.26072692871094
    ],
    "av_time": 32.2792727470398,
    "min_time": 32.03490138053894,
    "max_time": 33.141573667526245,
    "results_length": 27
  },
  "3": {
    "times": [
      1.33048415184021,
      1.0250096321105957,
      1.0149054527282715,
      1.034926176071167,
      1.0078656673431396,
      1.082265853881836,
      1.0129446983337402,
      1.0259463787078857,
      1.0038981437683105,
      1.0169038772583008
    ],
    "av_time": 1.0555150032043457,
    "min_time": 1.0038981437683105,
    "max_time": 1.33048415184021,
    "results_length": 27
  },
  "4": {
    "times": [
      1.315476417541504,
      1.0189628601074219,
      0.9987995624542236,
      0.9988429546356201,
      0.9928643703460693,
      1.039905309677124,
      0.9928596019744873,
      1.0379128456115723,
      1.0430254936218262,
      1.0068855285644531
    ],
    "av_time": 1.0445534944534303,
    "min_time": 0.9928596019744873,
    "max_time": 1.315476417541504,
    "results_length": 72
  },
  "5": {
    "times": [
      23.396979331970215,
      22.688206911087036,
      22.80330228805542,
      22.76484203338623,
      22.720298051834106,
      22.64121413230896,
      22.79302167892456,
      22.776827573776245,
      22.798136711120605,
      22.72476601600647
    ],
    "av_time": 22.810759472846986,
    "min_time": 22.64121413230896,
    "max_time": 23.396979331970215,
    "results_length": 218
  },
  "6": {
    "times": [
      18.84632158279419,
      18.48281979560852,
      18.60090923309326,
      18.606618881225586,
      18.64755344390869,
      18.627469778060913,
      18.707130432128906,
      18.534179210662842,
      19.036742448806763,
      18.730257511138916
    ],
    "av_time": 18.682000231742858,
    "min_time": 18.48281979560852,
    "max_time": 19.036742448806763,
    "results_length": 22
  },
  "avg_time": 13.912456658908301,
  "avg_min_time": 13.716873032706124,
  "avg_max_time": 14.460533891405378
}