{
  "0": {
    "times": [
      12.381608724594116,
      9.498600006103516,
      9.50226902961731,
      9.74971079826355,
      9.871394395828247,
      9.97100305557251,
      10.11135482788086,
      9.997811317443848,
      10.12299394607544,
      10.444745779037476
    ],
    "av_time": 10.165149188041687,
    "min_time": 9.498600006103516,
    "max_time": 12.381608724594116,
    "results_length": 54
  },
  "1": {
    "times": [
      3.297381639480591,
      3.029597282409668,
      3.2123613357543945,
      3.5964572429656982,
      3.1726105213165283,
      3.503854274749756,
      3.283947229385376,
      3.3530306816101074,
      3.1739466190338135,
      3.2108707427978516
    ],
    "av_time": 3.2834057569503785,
    "min_time": 3.029597282409668,
    "max_time": 3.5964572429656982,
    "results_length": 0
  },
  "2": {
    "times": [
      21.226993322372437,
      18.90934944152832,
      18.205631494522095,
      18.1068115234375,
      18.21159815788269,
      19.493303298950195,
      20.15045404434204,
      18.201722621917725,
      18.393794298171997,
      18.327106475830078
    ],
    "av_time": 18.922676467895506,
    "min_time": 18.1068115234375,
    "max_time": 21.226993322372437,
    "results_length": 34
  },
  "3": {
    "times": [
      1.046858787536621,
      0.574739933013916,
      0.578606367111206,
      0.5578470230102539,
      0.5621011257171631,
      0.5665395259857178,
      0.5710616111755371,
      0.5535306930541992,
      0.5540149211883545,
      0.5750541687011719
    ],
    "av_time": 0.6140354156494141,
    "min_time": 0.5535306930541992,
    "max_time": 1.046858787536621,
    "results_length": 34
  },
  "4": {
    "times": [
      1.5389094352722168,
      0.9820089340209961,
      0.9875624179840088,
      0.970569372177124,
      1.0275375843048096,
      0.9778146743774414,
      1.0609874725341797,
      1.0232014656066895,
      0.9745211601257324,
      1.0207808017730713
    ],
    "av_time": 1.056389331817627,
    "min_time": 0.970569372177124,
    "max_time": 1.5389094352722168,
    "results_length": 72
  },
  "5": {
    "times": [
      21.96021604537964,
      20.86038637161255,
      20.38292956352234,
      20.54282569885254,
      20.343756914138794,
      20.34948468208313,
      20.531428337097168,
      20.458242893218994,
      20.313263416290283,
      20.399436950683594
    ],
    "av_time": 20.614197087287902,
    "min_time": 20.313263416290283,
    "max_time": 21.96021604537964,
    "results_length": 262
  },
  "6": {
    "times": [
      11.930271625518799,
      11.473541021347046,
      11.234530925750732,
      11.342048168182373,
      11.580568790435791,
      11.46343445777893,
      11.29909896850586,
      11.229209423065186,
      11.354212760925293,
      11.368791818618774
    ],
    "av_time": 11.427570796012878,
    "min_time": 11.229209423065186,
    "max_time": 11.930271625518799,
    "results_length": 17
  },
  "avg_time": 9.440489149093626,
  "avg_min_time": 9.100225959505353,
  "avg_max_time": 10.525902169091362
}