{
  "0": {
    "times": [
      8.505036354064941,
      5.296890497207642,
      5.3319411277771,
      5.257901906967163,
      5.314184188842773,
      5.31203818321228,
      5.39430046081543,
      5.508364915847778,
      5.445155143737793,
      5.56138014793396
    ],
    "av_time": 5.692719292640686,
    "min_time": 5.257901906967163,
    "max_time": 8.505036354064941,
    "results_length": 54
  },
  "1": {
    "times": [
      2.98844313621521,
      2.6699326038360596,
      2.6779592037200928,
      2.679962635040283,
      2.6923251152038574,
      2.6540231704711914,
      2.7532567977905273,
      2.6866512298583984,
      2.714016914367676,
      2.6638991832733154
    ],
    "av_time": 2.718046998977661,
    "min_time": 2.6540231704711914,
    "max_time": 2.98844313621521,
    "results_length": 0
  },
  "2": {
    "times": [
      10.047096967697144,
      9.03457260131836,
      9.01349425315857,
      9.080102443695068,
      9.129660606384277,
      9.096179246902466,
      9.150540828704834,
      9.08859372138977,
      9.082793951034546,
      9.025920867919922
    ],
    "av_time": 9.174895548820496,
    "min_time": 9.01349425315857,
    "max_time": 10.047096967697144,
    "results_length": 34
  },
  "3": {
    "times": [
      0.6822736263275146,
      0.325608491897583,
      0.34526801109313965,
      0.3341391086578369,
      0.3265812397003174,
      0.3226048946380615,
      0.325620174407959,
      0.3125803470611572,
      0.33258485794067383,
      0.31859421730041504
    ],
    "av_time": 0.36258549690246583,
    "min_time": 0.3125803470611572,
    "max_time": 0.6822736263275146,
    "results_length": 34
  },
  "4": {
    "times": [
      2.271336793899536,
      0.9935789108276367,
      0.937751293182373,
      0.9357726573944092,
      0.9741053581237793,
      0.9356236457824707,
      0.9499032497406006,
      0.9718658924102783,
      0.9448106288909912,
      0.9297704696655273
    ],
    "av_time": 1.0844518899917603,
    "min_time": 0.9297704696655273,
    "max_time": 2.271336793899536,
    "results_length": 72
  },
  "5": {
    "times": [
      21.960413932800293,
      19.80790424346924,
      20.009058713912964,
      19.834402084350586,
      19.94269323348999,
      19.99382996559143,
      19.929285049438477,
      19.948155641555786,
      19.909244298934937,
      19.97851014137268
    ],
    "av_time": 20.13134973049164,
    "min_time": 19.80790424346924,
    "max_time": 21.960413932800293,
    "results_length": 262
  },
  "6": {
    "times": [
      6.490010023117065,
      6.125102996826172,
      6.116997718811035,
      6.0183281898498535,
      6.096831321716309,
      6.124378442764282,
      6.139288663864136,
      6.124371528625488,
      6.132686376571655,
      6.116611957550049
    ],
    "av_time": 6.148460721969604,
    "min_time": 6.0183281898498535,
    "max_time": 6.490010023117065,
    "results_length": 17
  },
  "avg_time": 6.473215668542045,
  "avg_min_time": 6.284857511520386,
  "avg_max_time": 7.563515833445957
}