{
  "0": {
    "times": [
      11.037862300872803,
      8.48128080368042,
      8.474251508712769,
      8.458911895751953,
      8.480484247207642,
      8.47881531715393,
      8.531830310821533,
      8.641206979751587,
      8.8539559841156,
      8.949143886566162
    ],
    "av_time": 8.83877432346344,
    "min_time": 8.458911895751953,
    "max_time": 11.037862300872803,
    "results_length": 54
  },
  "1": {
    "times": [
      2.644284963607788,
      2.694133758544922,
      2.662959098815918,
      2.73445200920105,
      2.677821159362793,
      2.7823755741119385,
      2.678807497024536,
      2.699596881866455,
      2.665570020675659,
      2.7585856914520264
    ],
    "av_time": 2.6998586654663086,
    "min_time": 2.644284963607788,
    "max_time": 2.7823755741119385,
    "results_length": 0
  },
  "2": {
    "times": [
      14.30533742904663,
      13.135804891586304,
      13.055455446243286,
      13.120701789855957,
      13.117818593978882,
      13.182924509048462,
      13.065166711807251,
      13.13956356048584,
      13.14821481704712,
      13.08235788345337
    ],
    "av_time": 13.23533456325531,
    "min_time": 13.055455446243286,
    "max_time": 14.30533742904663,
    "results_length": 34
  },
  "3": {
    "times": [
      0.676297664642334,
      0.39022207260131836,
      0.40224289894104004,
      0.4047675132751465,
      0.38971924781799316,
      0.3962240219116211,
      0.39272046089172363,
      0.39472079277038574,
      0.3977205753326416,
      0.41376185417175293
    ],
    "av_time": 0.4258397102355957,
    "min_time": 0.38971924781799316,
    "max_time": 0.676297664642334,
    "results_length": 34
  },
  "4": {
    "times": [
      1.666186809539795,
      0.969855785369873,
      0.984079122543335,
      0.9658465385437012,
      0.9647626876831055,
      1.0112292766571045,
      1.0027403831481934,
      1.0021388530731201,
      0.9778347015380859,
      0.9781265258789062
    ],
    "av_time": 1.052280068397522,
    "min_time": 0.9647626876831055,
    "max_time": 1.666186809539795,
    "results_length": 72
  },
  "5": {
    "times": [
      21.963767051696777,
      20.272132635116577,
      20.258240699768066,
      20.198925495147705,
      20.15938925743103,
      20.314628839492798,
      20.3806254863739,
      20.337404251098633,
      20.348708868026733,
      20.394399404525757
    ],
    "av_time": 20.462822198867798,
    "min_time": 20.15938925743103,
    "max_time": 21.963767051696777,
    "results_length": 267
  },
  "6": {
    "times": [
      10.390795707702637,
      9.747236490249634,
      9.712601661682129,
      9.840132474899292,
      9.757634401321411,
      9.763581275939941,
      9.820517301559448,
      9.825991153717041,
      9.804421663284302,
      9.78139066696167
    ],
    "av_time": 9.84443027973175,
    "min_time": 9.712601661682129,
    "max_time": 10.390795707702637,
    "results_length": 17
  },
  "avg_time": 8.079905687059675,
  "avg_min_time": 7.912160737173898,
  "avg_max_time": 8.974660362516131
}