{
  "0": {
    "times": [
      24.609235048294067,
      22.023711919784546,
      22.806162357330322,
      22.968560457229614,
      23.344626665115356,
      23.172481298446655,
      23.119637489318848,
      23.2957763671875,
      23.153828144073486,
      23.32691478729248
    ],
    "av_time": 23.182093453407287,
    "min_time": 22.023711919784546,
    "max_time": 24.609235048294067,
    "results_length": 54
  },
  "1": {
    "times": [
      3.178898572921753,
      2.9074788093566895,
      2.8564302921295166,
      2.936389684677124,
      2.8663878440856934,
      2.894299030303955,
      2.8574347496032715,
      2.8863954544067383,
      2.8674612045288086,
      2.93304705619812
    ],
    "av_time": 2.918422269821167,
    "min_time": 2.8564302921295166,
    "max_time": 3.178898572921753,
    "results_length": 0
  },
  "2": {
    "times": [
      45.92463970184326,
      43.81329321861267,
      43.62138819694519,
      43.832375288009644,
      43.68181824684143,
      43.8605535030365,
      43.80229949951172,
      44.30004072189331,
      43.606074810028076,
      43.68287897109985
    ],
    "av_time": 44.01253621578216,
    "min_time": 43.606074810028076,
    "max_time": 45.92463970184326,
    "results_length": 34
  },
  "3": {
    "times": [
      1.5753872394561768,
      1.3124303817749023,
      1.2944386005401611,
      1.3454961776733398,
      1.3015103340148926,
      1.3024544715881348,
      1.31746506690979,
      1.3380308151245117,
      1.3053739070892334,
      1.3214106559753418
    ],
    "av_time": 1.3413997650146485,
    "min_time": 1.2944386005401611,
    "max_time": 1.5753872394561768,
    "results_length": 34
  },
  "4": {
    "times": [
      1.458730936050415,
      1.1301078796386719,
      1.113011360168457,
      1.1130876541137695,
      1.100127935409546,
      1.0990369319915771,
      1.1546051502227783,
      1.1216144561767578,
      1.107102394104004,
      1.1101601123809814
    ],
    "av_time": 1.150758481025696,
    "min_time": 1.0990369319915771,
    "max_time": 1.458730936050415,
    "results_length": 80
  },
  "5": {
    "times": [
      23.776371002197266,
      22.640966415405273,
      22.468733549118042,
      22.420499086380005,
      22.49314022064209,
      22.53122043609619,
      22.353469133377075,
      22.34515690803528,
      22.342628955841064,
      22.25317120552063
    ],
    "av_time": 22.562535691261292,
    "min_time": 22.25317120552063,
    "max_time": 23.776371002197266,
    "results_length": 287
  },
  "6": {
    "times": [
      22.63931941986084,
      22.766924142837524,
      22.855568170547485,
      22.840215921401978,
      22.764663696289062,
      22.78425407409668,
      22.779763221740723,
      22.96234679222107,
      22.910022974014282,
      22.858024835586548
    ],
    "av_time": 22.81611032485962,
    "min_time": 22.63931941986084,
    "max_time": 22.96234679222107,
    "results_length": 21
  },
  "avg_time": 16.85483660016741,
  "avg_min_time": 16.538883311407908,
  "avg_max_time": 17.640801327569143
}