{
  "0": {
    "times": [
      8.171457529067993,
      5.918987512588501,
      5.787973165512085,
      5.787098407745361,
      6.008354187011719,
      5.92214822769165,
      6.004373073577881,
      6.0244996547698975,
      6.094995737075806,
      6.1736650466918945
    ],
    "av_time": 6.189355254173279,
    "min_time": 5.787098407745361,
    "max_time": 8.171457529067993,
    "results_length": 54
  },
  "1": {
    "times": [
      2.4685866832733154,
      2.1419434547424316,
      2.1930832862854004,
      2.147050142288208,
      2.155090808868408,
      2.1791574954986572,
      2.1585497856140137,
      2.1763856410980225,
      2.1962890625,
      2.1390111446380615
    ],
    "av_time": 2.195514750480652,
    "min_time": 2.1390111446380615,
    "max_time": 2.4685866832733154,
    "results_length": 0
  },
  "2": {
    "times": [
      11.426713228225708,
      10.54748821258545,
      10.55227255821228,
      10.522552251815796,
      10.579704523086548,
      10.589983940124512,
      10.596126556396484,
      10.585340023040771,
      10.661602258682251,
      10.57247805595398
    ],
    "av_time": 10.663426160812378,
    "min_time": 10.522552251815796,
    "max_time": 11.426713228225708,
    "results_length": 34
  },
  "3": {
    "times": [
      0.5971479415893555,
      0.39123010635375977,
      0.39922165870666504,
      0.41077470779418945,
      0.4190495014190674,
      0.3952326774597168,
      0.3957376480102539,
      0.39473628997802734,
      0.39171648025512695,
      0.3947110176086426
    ],
    "av_time": 0.41895580291748047,
    "min_time": 0.39123010635375977,
    "max_time": 0.5971479415893555,
    "results_length": 34
  },
  "4": {
    "times": [
      1.5919997692108154,
      0.9568154811859131,
      1.006864309310913,
      0.949786901473999,
      0.9898049831390381,
      0.9809072017669678,
      0.9768576622009277,
      0.9387922286987305,
      0.9828639030456543,
      0.9407575130462646
    ],
    "av_time": 1.0315449953079223,
    "min_time": 0.9387922286987305,
    "max_time": 1.5919997692108154,
    "results_length": 72
  },
  "5": {
    "times": [
      21.161336421966553,
      20.016120433807373,
      20.511537075042725,
      20.576725721359253,
      19.897924661636353,
      19.861381769180298,
      20.201063632965088,
      19.902764797210693,
      20.023256301879883,
      19.917779207229614
    ],
    "av_time": 20.206989002227782,
    "min_time": 19.861381769180298,
    "max_time": 21.161336421966553,
    "results_length": 262
  },
  "6": {
    "times": [
      7.455029726028442,
      6.968963623046875,
      6.922127962112427,
      6.909075498580933,
      6.997467756271362,
      7.057626008987427,
      6.940095901489258,
      7.027225494384766,
      6.9906394481658936,
      7.0531556606292725
    ],
    "av_time": 7.032140707969665,
    "min_time": 6.909075498580933,
    "max_time": 7.455029726028442,
    "results_length": 17
  },
  "avg_time": 6.819703810555594,
  "avg_min_time": 6.649877343858991,
  "avg_max_time": 7.553181614194598
}