{
  "0": {
    "times": [
      45.04561972618103,
      45.99226093292236,
      55.60991430282593,
      56.65334105491638,
      51.220438718795776,
      49.500778675079346,
      51.04886484146118,
      48.58931255340576,
      48.11817669868469,
      51.44832134246826
    ],
    "av_time": 50.32270288467407,
    "min_time": 45.04561972618103,
    "max_time": 56.65334105491638,
    "results_length": 57
  },
  "1": {
    "times": [
      4.034429550170898,
      4.174751043319702,
      4.176354646682739,
      3.9664881229400635,
      4.227722883224487,
      4.194782257080078,
      4.284805536270142,
      4.500260829925537,
      4.448108434677124,
      3.92434024810791
    ],
    "av_time": 4.193204355239868,
    "min_time": 3.92434024810791,
    "max_time": 4.500260829925537,
    "results_length": 0
  },
  "2": {
    "times": [
      102.37564992904663,
      97.9994306564331,
      99.69944310188293,
      99.34427428245544,
      94.41376423835754,
      90.14210820198059,
      88.68268775939941,
      88.88874936103821,
      89.33265042304993,
      88.35356307029724
    ],
    "av_time": 93.92323210239411,
    "min_time": 88.35356307029724,
    "max_time": 102.37564992904663,
    "results_length": 34
  },
  "3": {
    "times": [
      2.8274810314178467,
      2.7682137489318848,
      2.817720890045166,
      2.751760482788086,
      2.8713982105255127,
      2.7652313709259033,
      2.8362767696380615,
      2.788729190826416,
      2.837395668029785,
      2.783857583999634
    ],
    "av_time": 2.8048064947128295,
    "min_time": 2.751760482788086,
    "max_time": 2.8713982105255127,
    "results_length": 34
  },
  "4": {
    "times": [
      1.37908935546875,
      1.3239984512329102,
      1.3385274410247803,
      1.32352876663208,
      1.4402601718902588,
      1.3324532508850098,
      1.349555253982544,
      1.4027070999145508,
      1.406632661819458,
      1.3324553966522217
    ],
    "av_time": 1.3629207849502563,
    "min_time": 1.32352876663208,
    "max_time": 1.4402601718902588,
    "results_length": 80
  },
  "5": {
    "times": [
      29.246229648590088,
      32.615927934646606,
      39.251320362091064,
      41.422712564468384,
      33.983319997787476,
      30.351906538009644,
      30.412632942199707,
      30.42084836959839,
      30.225356578826904,
      30.551724672317505
    ],
    "av_time": 32.848197960853575,
    "min_time": 29.246229648590088,
    "max_time": 41.422712564468384,
    "results_length": 287
  },
  "6": {
    "times": [
      44.83054780960083,
      46.226665019989014,
      46.631805658340454,
      44.372411251068115,
      44.82789444923401,
      43.662527561187744,
      44.27421712875366,
      44.200000286102295,
      43.83635640144348,
      43.71419596672058
    ],
    "av_time": 44.65766215324402,
    "min_time": 43.662527561187744,
    "max_time": 46.631805658340454,
    "results_length": 21
  },
  "avg_time": 28.18846863678524,
  "avg_min_time": 26.438265459878103,
  "avg_max_time": 30.703653710229055
}