{
  "0": {
    "times": [
      6.7502970695495605,
      6.448568105697632,
      6.409182548522949,
      6.429648160934448,
      6.401242017745972,
      6.376139402389526,
      6.438223361968994,
      6.4154722690582275,
      6.386080265045166,
      6.418233871459961
    ],
    "av_time": 6.4473087072372435,
    "min_time": 6.376139402389526,
    "max_time": 6.7502970695495605,
    "results_length": 54
  },
  "1": {
    "times": [
      2.6600589752197266,
      2.247239828109741,
      2.237200975418091,
      2.2755300998687744,
      2.238499164581299,
      2.245182752609253,
      2.213552236557007,
      2.231698751449585,
      2.2224905490875244,
      2.2252516746520996
    ],
    "av_time": 2.27967050075531,
    "min_time": 2.213552236557007,
    "max_time": 2.6600589752197266,
    "results_length": 0
  },
  "2": {
    "times": [
      7.0835371017456055,
      6.708724737167358,
      6.75434422492981,
      6.810893774032593,
      6.813320636749268,
      6.756026983261108,
      6.7771008014678955,
      6.7972211837768555,
      6.722766637802124,
      6.845719814300537
    ],
    "av_time": 6.806965589523315,
    "min_time": 6.708724737167358,
    "max_time": 7.0835371017456055,
    "results_length": 0
  },
  "3": {
    "times": [
      1.9917478561401367,
      0.8838064670562744,
      0.883681058883667,
      0.8776900768280029,
      0.8675925731658936,
      0.871851921081543,
      0.889695405960083,
      0.8933837413787842,
      0.871640682220459,
      0.8586981296539307
    ],
    "av_time": 0.9889787912368775,
    "min_time": 0.8586981296539307,
    "max_time": 1.9917478561401367,
    "results_length": 34
  },
  "4": {
    "times": [
      8.026180744171143,
      6.264755487442017,
      6.600430727005005,
      6.435942888259888,
      6.198215007781982,
      6.266319751739502,
      6.184882640838623,
      6.2450032234191895,
      6.21990180015564,
      6.183988571166992
    ],
    "av_time": 6.462562084197998,
    "min_time": 6.183988571166992,
    "max_time": 8.026180744171143,
    "results_length": 262
  },
  "5": {
    "times": [
      18.908034086227417,
      18.93312358856201,
      18.91071367263794,
      18.93871283531189,
      18.94835901260376,
      18.69766330718994,
      19.105101346969604,
      18.881377696990967,
      18.922521352767944,
      19.235451698303223
    ],
    "av_time": 18.94810585975647,
    "min_time": 18.69766330718994,
    "max_time": 19.235451698303223,
    "results_length": 262
  },
  "6": {
    "times": [
      10.084532737731934,
      4.6209938526153564,
      4.62841272354126,
      4.575484037399292,
      4.657805442810059,
      4.60650634765625,
      4.572378873825073,
      4.591071367263794,
      4.560319900512695,
      4.805279016494751
    ],
    "av_time": 5.170278429985046,
    "min_time": 4.560319900512695,
    "max_time": 10.084532737731934,
    "results_length": 871
  },
  "avg_time": 6.7291242803846085,
  "avg_min_time": 6.514155183519636,
  "avg_max_time": 7.9759723118373325
}