{
  "0": {
    "times": [
      12.773385286331177,
      10.348128318786621,
      10.29786491394043,
      10.266463041305542,
      10.40424132347107,
      10.300350189208984,
      10.360012292861938,
      10.333521842956543,
      10.349749088287354,
      10.34195613861084
    ],
    "av_time": 10.57756724357605,
    "min_time": 10.266463041305542,
    "max_time": 12.773385286331177,
    "results_length": 54
  },
  "1": {
    "times": [
      3.1127424240112305,
      2.8117592334747314,
      2.8083291053771973,
      2.8245890140533447,
      2.773273229598999,
      2.8013296127319336,
      2.7898917198181152,
      2.7598447799682617,
      2.7672278881073,
      2.7973146438598633
    ],
    "av_time": 2.8246301651000976,
    "min_time": 2.7598447799682617,
    "max_time": 3.1127424240112305,
    "results_length": 0
  },
  "2": {
    "times": [
      8.472949266433716,
      8.421247482299805,
      8.435692071914673,
      8.426129579544067,
      8.41056227684021,
      8.400474309921265,
      8.348479509353638,
      8.434010982513428,
      8.417140245437622,
      8.431130647659302
    ],
    "av_time": 8.419781637191772,
    "min_time": 8.348479509353638,
    "max_time": 8.472949266433716,
    "results_length": 0
  },
  "3": {
    "times": [
      3.66908597946167,
      1.5354843139648438,
      1.4797604084014893,
      1.4677119255065918,
      1.4726815223693848,
      1.46978759765625,
      1.4537184238433838,
      1.5008063316345215,
      1.4777729511260986,
      1.4587302207946777
    ],
    "av_time": 1.6985539674758912,
    "min_time": 1.4537184238433838,
    "max_time": 3.66908597946167,
    "results_length": 34
  },
  "4": {
    "times": [
      9.120258092880249,
      6.477036237716675,
      6.363394737243652,
      6.341928243637085,
      6.293876647949219,
      6.259949207305908,
      6.283181667327881,
      6.285923719406128,
      6.330442905426025,
      6.3834309577941895
    ],
    "av_time": 6.613942241668701,
    "min_time": 6.259949207305908,
    "max_time": 9.120258092880249,
    "results_length": 262
  },
  "5": {
    "times": [
      19.297821760177612,
      19.318299531936646,
      19.20796823501587,
      19.10880184173584,
      19.066431045532227,
      19.204197645187378,
      19.389098167419434,
      19.1351420879364,
      19.340676069259644,
      19.19526481628418
    ],
    "av_time": 19.22637012004852,
    "min_time": 19.066431045532227,
    "max_time": 19.389098167419434,
    "results_length": 262
  },
  "6": {
    "times": [
      10.991701602935791,
      7.438924789428711,
      7.504863262176514,
      7.517709493637085,
      7.6206889152526855,
      7.688177585601807,
      7.793503284454346,
      7.900158166885376,
      7.904460191726685,
      7.924829483032227
    ],
    "av_time": 8.028501677513123,
    "min_time": 7.438924789428711,
    "max_time": 10.991701602935791,
    "results_length": 862
  },
  "avg_time": 8.198478150367736,
  "avg_min_time": 7.941972970962524,
  "avg_max_time": 9.647031545639038
}