{
  "0": {
    "times": [
      8.999356985092163,
      5.777271032333374,
      5.776904344558716,
      5.842525005340576,
      6.1073317527771,
      6.0484373569488525,
      5.844045400619507,
      5.850180149078369,
      5.880258798599243,
      5.853492259979248
    ],
    "av_time": 6.197980308532715,
    "min_time": 5.776904344558716,
    "max_time": 8.999356985092163,
    "results_length": 54
  },
  "1": {
    "times": [
      3.119109630584717,
      2.812317132949829,
      2.8065714836120605,
      2.7573463916778564,
      2.7585699558258057,
      2.828080654144287,
      2.7487518787384033,
      2.7614381313323975,
      2.742145299911499,
      2.80830717086792
    ],
    "av_time": 2.8142637729644777,
    "min_time": 2.742145299911499,
    "max_time": 3.119109630584717,
    "results_length": 0
  },
  "2": {
    "times": [
      8.356921672821045,
      8.524348020553589,
      8.241311073303223,
      8.29766297340393,
      8.381591796875,
      8.379321098327637,
      8.879830360412598,
      9.173827409744263,
      10.701520442962646,
      9.947693824768066
    ],
    "av_time": 8.8884028673172,
    "min_time": 8.241311073303223,
    "max_time": 10.701520442962646,
    "results_length": 0
  },
  "3": {
    "times": [
      1.9688811302185059,
      1.039841890335083,
      0.9195129871368408,
      0.9290390014648438,
      0.9390668869018555,
      0.8703813552856445,
      0.8402979373931885,
      0.8337781429290771,
      0.8327751159667969,
      0.9039721488952637
    ],
    "av_time": 1.00775465965271,
    "min_time": 0.8327751159667969,
    "max_time": 1.9688811302185059,
    "results_length": 34
  },
  "4": {
    "times": [
      8.678224802017212,
      6.933449745178223,
      6.811117172241211,
      6.831170082092285,
      7.171099662780762,
      7.0126683712005615,
      6.717359304428101,
      6.795572757720947,
      7.213715076446533,
      6.783547401428223
    ],
    "av_time": 7.094792437553406,
    "min_time": 6.717359304428101,
    "max_time": 8.678224802017212,
    "results_length": 262
  },
  "5": {
    "times": [
      20.497523546218872,
      20.668489456176758,
      21.302222728729248,
      20.565709352493286,
      21.156830310821533,
      21.74242615699768,
      20.36617136001587,
      22.504287004470825,
      22.723616123199463,
      21.60053849220276
    ],
    "av_time": 21.31278145313263,
    "min_time": 20.36617136001587,
    "max_time": 22.723616123199463,
    "results_length": 262
  },
  "6": {
    "times": [
      11.279330492019653,
      5.188679933547974,
      5.059831380844116,
      5.121004343032837,
      5.276421070098877,
      5.366166114807129,
      5.128016233444214,
      5.138545274734497,
      5.219265460968018,
      5.1415534019470215
    ],
    "av_time": 5.791881370544433,
    "min_time": 5.059831380844116,
    "max_time": 11.279330492019653,
    "results_length": 871
  },
  "avg_time": 7.5868366956710815,
  "avg_min_time": 7.105213982718332,
  "avg_max_time": 9.638577086584908
}