{
  "0": {
    "times": [
      33.04647731781006,
      35.36060643196106,
      34.236830711364746,
      33.11599636077881,
      33.10522270202637,
      32.73369026184082,
      33.537946701049805,
      33.28500294685364,
      33.15700912475586,
      33.17199683189392
    ],
    "av_time": 33.47507793903351,
    "min_time": 32.73369026184082,
    "max_time": 35.36060643196106,
    "results_length": 54
  },
  "1": {
    "times": [
      4.07336950302124,
      4.106365919113159,
      4.194510459899902,
      4.012146472930908,
      4.1303417682647705,
      4.11030650138855,
      4.083460092544556,
      4.0351927280426025,
      4.081345319747925,
      4.066762208938599
    ],
    "av_time": 4.089380097389221,
    "min_time": 4.012146472930908,
    "max_time": 4.194510459899902,
    "results_length": 0
  },
  "2": {
    "times": [
      12.441378116607666,
      12.480364799499512,
      12.96567678451538,
      12.960489988327026,
      12.45453691482544,
      12.65088176727295,
      12.513548612594604,
      13.586802959442139,
      12.881310224533081,
      12.531574726104736
    ],
    "av_time": 12.746656489372253,
    "min_time": 12.441378116607666,
    "max_time": 13.586802959442139,
    "results_length": 0
  },
  "3": {
    "times": [
      5.074464797973633,
      4.672090291976929,
      4.664369821548462,
      4.747523307800293,
      4.803737163543701,
      4.738600254058838,
      4.7668328285217285,
      4.652374029159546,
      4.8137664794921875,
      4.655916929244995
    ],
    "av_time": 4.758967590332031,
    "min_time": 4.652374029159546,
    "max_time": 5.074464797973633,
    "results_length": 34
  },
  "4": {
    "times": [
      9.585825443267822,
      9.711586713790894,
      9.72776198387146,
      9.5391526222229,
      9.656999826431274,
      10.045942068099976,
      9.486297369003296,
      9.58388638496399,
      10.049355745315552,
      9.609301328659058
    ],
    "av_time": 9.699610948562622,
    "min_time": 9.486297369003296,
    "max_time": 10.049355745315552,
    "results_length": 287
  },
  "5": {
    "times": [
      29.71716070175171,
      29.82330822944641,
      29.422664642333984,
      29.340208292007446,
      29.007742643356323,
      29.29636812210083,
      29.61797523498535,
      29.199657440185547,
      29.385435819625854,
      29.547308444976807
    ],
    "av_time": 29.435782957077027,
    "min_time": 29.007742643356323,
    "max_time": 29.82330822944641,
    "results_length": 287
  },
  "6": {
    "times": [
      16.93553590774536,
      16.922138452529907,
      17.015231370925903,
      16.885498762130737,
      17.037684440612793,
      16.8974506855011,
      17.029839754104614,
      16.990221977233887,
      17.10107946395874,
      17.335349082946777
    ],
    "av_time": 17.01500298976898,
    "min_time": 16.885498762130737,
    "max_time": 17.335349082946777,
    "results_length": 840
  },
  "avg_time": 15.888639858790807,
  "avg_min_time": 15.602732522147042,
  "avg_max_time": 16.489199672426498
}