{
  "0": {
    "times": [
      43.573827266693115,
      43.53440976142883,
      40.14174294471741,
      40.016932249069214,
      39.91311740875244,
      39.540589809417725,
      39.99495053291321,
      39.8772668838501,
      39.69943833351135,
      40.3949191570282
    ],
    "av_time": 40.66871943473816,
    "min_time": 39.540589809417725,
    "max_time": 43.573827266693115,
    "results_length": 57
  },
  "1": {
    "times": [
      2.936782121658325,
      2.979862928390503,
      2.988908052444458,
      3.007383108139038,
      2.9643728733062744,
      2.902269124984741,
      3.011425018310547,
      2.9753217697143555,
      2.9838707447052,
      3.0071563720703125
    ],
    "av_time": 2.9757352113723754,
    "min_time": 2.902269124984741,
    "max_time": 3.011425018310547,
    "results_length": 0
  },
  "2": {
    "times": [
      9.151410341262817,
      9.152459859848022,
      9.158552646636963,
      9.21384882926941,
      9.114043474197388,
      9.154022693634033,
      9.186635494232178,
      9.028883934020996,
      9.191891431808472,
      9.098479270935059
    ],
    "av_time": 9.145022797584534,
    "min_time": 9.028883934020996,
    "max_time": 9.21384882926941,
    "results_length": 0
  },
  "3": {
    "times": [
      9.310671329498291,
      9.189453601837158,
      9.254233598709106,
      9.169055461883545,
      9.217620372772217,
      9.172471046447754,
      9.176547050476074,
      9.102455377578735,
      9.333346366882324,
      9.302368640899658
    ],
    "av_time": 9.222822284698486,
    "min_time": 9.102455377578735,
    "max_time": 9.333346366882324,
    "results_length": 34
  },
  "4": {
    "times": [
      6.718985557556152,
      6.777997970581055,
      6.714043855667114,
      6.846771240234375,
      6.809229135513306,
      6.6789772510528564,
      6.831422567367554,
      6.651931524276733,
      6.839083671569824,
      6.7311811447143555
    ],
    "av_time": 6.759962391853333,
    "min_time": 6.651931524276733,
    "max_time": 6.846771240234375,
    "results_length": 287
  },
  "5": {
    "times": [
      21.203558683395386,
      21.03371787071228,
      20.810089349746704,
      21.165313959121704,
      20.991227388381958,
      20.973835229873657,
      20.975942850112915,
      21.087980270385742,
      20.938228845596313,
      21.156641483306885
    ],
    "av_time": 21.033653593063356,
    "min_time": 20.810089349746704,
    "max_time": 21.203558683395386,
    "results_length": 287
  },
  "6": {
    "times": [
      16.911035299301147,
      16.938549995422363,
      16.984463214874268,
      16.9156436920166,
      16.70563578605652,
      17.062608003616333,
      16.937098503112793,
      16.90495991706848,
      17.047948122024536,
      17.12982940673828
    ],
    "av_time": 16.953777194023132,
    "min_time": 16.70563578605652,
    "max_time": 17.12982940673828,
    "results_length": 835
  },
  "avg_time": 15.251384701047625,
  "avg_min_time": 14.963122129440308,
  "avg_max_time": 15.758943830217634
}