{
  "0": {
    "times": [
      12.042400598526001,
      9.518143653869629,
      9.29722261428833,
      9.368995904922485,
      9.421013593673706,
      9.251744031906128,
      9.30863070487976,
      9.364905834197998,
      9.322644710540771,
      9.468806266784668
    ],
    "av_time": 9.636450791358948,
    "min_time": 9.251744031906128,
    "max_time": 12.042400598526001,
    "results_length": 54
  },
  "1": {
    "times": [
      3.1007909774780273,
      2.8123385906219482,
      2.756457567214966,
      2.824310302734375,
      2.79341721534729,
      2.7933526039123535,
      2.815295457839966,
      2.816337823867798,
      2.805405616760254,
      2.8133318424224854
    ],
    "av_time": 2.833103799819946,
    "min_time": 2.756457567214966,
    "max_time": 3.1007909774780273,
    "results_length": 0
  },
  "2": {
    "times": [
      8.507744073867798,
      8.601692199707031,
      8.576634645462036,
      8.404921531677246,
      8.437082052230835,
      8.39826774597168,
      8.356992244720459,
      8.396039009094238,
      8.402128458023071,
      8.336068630218506
    ],
    "av_time": 8.44175705909729,
    "min_time": 8.336068630218506,
    "max_time": 8.601692199707031,
    "results_length": 0
  },
  "3": {
    "times": [
      2.8052384853363037,
      1.1741883754730225,
      1.1916170120239258,
      1.207404375076294,
      1.202186107635498,
      1.1660897731781006,
      1.1751062870025635,
      1.2653536796569824,
      1.104034185409546,
      1.116058588027954
    ],
    "av_time": 1.340727686882019,
    "min_time": 1.104034185409546,
    "max_time": 2.8052384853363037,
    "results_length": 34
  },
  "4": {
    "times": [
      8.665383100509644,
      6.41699743270874,
      6.492079496383667,
      6.488213777542114,
      6.672530889511108,
      6.299558401107788,
      6.307533025741577,
      6.256483554840088,
      6.300345420837402,
      6.347147464752197
    ],
    "av_time": 6.624627256393433,
    "min_time": 6.256483554840088,
    "max_time": 8.665383100509644,
    "results_length": 267
  },
  "5": {
    "times": [
      20.09647274017334,
      19.570622444152832,
      19.28067183494568,
      19.141725778579712,
      19.17326593399048,
      19.264324426651,
      19.27992081642151,
      19.479233264923096,
      18.996567010879517,
      19.15625548362732
    ],
    "av_time": 19.34390597343445,
    "min_time": 18.996567010879517,
    "max_time": 20.09647274017334,
    "results_length": 267
  },
  "6": {
    "times": [
      11.826642274856567,
      5.65544056892395,
      5.515861511230469,
      5.574324607849121,
      5.6906609535217285,
      5.632546663284302,
      5.7591259479522705,
      6.004420757293701,
      5.638327121734619,
      5.609286069869995
    ],
    "av_time": 6.290663647651672,
    "min_time": 5.515861511230469,
    "max_time": 11.826642274856567,
    "results_length": 876
  },
  "avg_time": 7.787319459233964,
  "avg_min_time": 7.459602355957031,
  "avg_max_time": 9.59123148236956
}