{
  "0": {
    "times": [
      29.382201194763184,
      26.561941385269165,
      27.936485767364502,
      26.430030822753906,
      26.420849084854126,
      26.66064476966858,
      26.242015600204468,
      26.35886001586914,
      26.272627115249634,
      26.343623876571655
    ],
    "av_time": 26.860927963256835,
    "min_time": 26.242015600204468,
    "max_time": 29.382201194763184,
    "results_length": 57
  },
  "1": {
    "times": [
      4.430048704147339,
      3.8149030208587646,
      3.807917594909668,
      3.902218818664551,
      3.810314655303955,
      3.9009249210357666,
      3.878969669342041,
      3.8694334030151367,
      3.827423334121704,
      3.8949644565582275
    ],
    "av_time": 3.9137118577957155,
    "min_time": 3.807917594909668,
    "max_time": 4.430048704147339,
    "results_length": 0
  },
  "2": {
    "times": [
      11.674057722091675,
      11.67765212059021,
      11.832956075668335,
      11.878962278366089,
      11.600298404693604,
      11.754194736480713,
      11.90045690536499,
      11.936377763748169,
      11.741308212280273,
      11.919691562652588
    ],
    "av_time": 11.791595578193665,
    "min_time": 11.600298404693604,
    "max_time": 11.936377763748169,
    "results_length": 0
  },
  "3": {
    "times": [
      4.956230401992798,
      3.7664244174957275,
      3.657630443572998,
      3.778862476348877,
      3.731945276260376,
      3.671661138534546,
      3.7277660369873047,
      3.820373058319092,
      3.7177493572235107,
      3.767901659011841
    ],
    "av_time": 3.859654426574707,
    "min_time": 3.657630443572998,
    "max_time": 4.956230401992798,
    "results_length": 34
  },
  "4": {
    "times": [
      12.379631519317627,
      9.725940942764282,
      9.5091392993927,
      9.463012933731079,
      9.499359130859375,
      9.587232828140259,
      9.778613090515137,
      9.515143871307373,
      9.775442123413086,
      9.70645785331726
    ],
    "av_time": 9.893997359275819,
    "min_time": 9.463012933731079,
    "max_time": 12.379631519317627,
    "results_length": 287
  },
  "5": {
    "times": [
      29.673285484313965,
      29.489583253860474,
      29.37173891067505,
      29.092024326324463,
      29.165985584259033,
      29.066598653793335,
      28.967848539352417,
      29.076975107192993,
      29.701515197753906,
      32.80008792877197
    ],
    "av_time": 29.640564298629762,
    "min_time": 28.967848539352417,
    "max_time": 32.80008792877197,
    "results_length": 287
  },
  "6": {
    "times": [
      19.316704273223877,
      16.59980273246765,
      14.230539321899414,
      13.7192063331604,
      14.447964668273926,
      15.648112535476685,
      15.893612146377563,
      15.602076053619385,
      15.170199871063232,
      14.782365322113037
    ],
    "av_time": 15.541058325767517,
    "min_time": 13.7192063331604,
    "max_time": 19.316704273223877,
    "results_length": 876
  },
  "avg_time": 14.500215687070575,
  "avg_min_time": 13.922561407089233,
  "avg_max_time": 16.457325969423568
}