{
  "0": {
    "times": [
      0.774360179901123
    ],
    "av_time": 0.774360179901123,
    "min_time": 0.774360179901123,
    "max_time": 0.774360179901123,
    "results_length": 4995
  },
  "1": {
    "times": [
      45.43356776237488
    ],
    "av_time": 45.43356776237488,
    "min_time": 45.43356776237488,
    "max_time": 45.43356776237488,
    "results_length": 855
  },
  "2": {
    "times": [
      2.8895604610443115
    ],
    "av_time": 2.8895604610443115,
    "min_time": 2.8895604610443115,
    "max_time": 2.8895604610443115,
    "results_length": 0
  },
  "3": {
    "times": [
      0.07212185859680176
    ],
    "av_time": 0.07212185859680176,
    "min_time": 0.07212185859680176,
    "max_time": 0.07212185859680176,
    "results_length": 510
  },
  "4": {
    "times": [
      0.07013535499572754
    ],
    "av_time": 0.07013535499572754,
    "min_time": 0.07013535499572754,
    "max_time": 0.07013535499572754,
    "results_length": 510
  },
  "5": {
    "times": [
      0.5269124507904053
    ],
    "av_time": 0.5269124507904053,
    "min_time": 0.5269124507904053,
    "max_time": 0.5269124507904053,
    "results_length": 4290
  },
  "6": {
    "times": [
      6.181363821029663
    ],
    "av_time": 6.181363821029663,
    "min_time": 6.181363821029663,
    "max_time": 6.181363821029663,
    "results_length": 4305
  },
  "7": {
    "times": [
      0.5199031829833984
    ],
    "av_time": 0.5199031829833984,
    "min_time": 0.5199031829833984,
    "max_time": 0.5199031829833984,
    "results_length": 270
  },
  "8": {
    "times": [
      360.52560472488403
    ],
    "av_time": 360.52560472488403,
    "min_time": 360.52560472488403,
    "max_time": 360.52560472488403,
    "results_length": 855
  },
  "9": {
    "times": [
      22.804598808288574
    ],
    "av_time": 22.804598808288574,
    "min_time": 22.804598808288574,
    "max_time": 22.804598808288574,
    "results_length": 0
  },
  "10": {
    "times": [
      728.3978772163391
    ],
    "av_time": 728.3978772163391,
    "min_time": 728.3978772163391,
    "max_time": 728.3978772163391,
    "results_length": 510
  },
  "11": {
    "times": [
      23.247678518295288
    ],
    "av_time": 23.247678518295288,
    "min_time": 23.247678518295288,
    "max_time": 23.247678518295288,
    "results_length": 510
  },
  "12": {
    "times": [
      8.603126525878906
    ],
    "av_time": 8.603126525878906,
    "min_time": 8.603126525878906,
    "max_time": 8.603126525878906,
    "results_length": 1200
  },
  "13": {
    "times": [
      157.1647036075592
    ],
    "av_time": 157.1647036075592,
    "min_time": 157.1647036075592,
    "max_time": 157.1647036075592,
    "results_length": 4305
  },
  "14": {
    "times": [
      350.76587533950806
    ],
    "av_time": 350.76587533950806,
    "min_time": 350.76587533950806,
    "max_time": 350.76587533950806,
    "results_length": 315
  },
  "avg_time": 113.8651593208313,
  "avg_min_time": 113.8651593208313,
  "avg_max_time": 113.8651593208313
}