{
  "0": {
    "times": [
      0.26344847679138184,
      0.2604694366455078,
      0.24942421913146973,
      0.257462739944458,
      0.2534348964691162
    ],
    "av_time": 0.2568479537963867,
    "min_time": 0.24942421913146973,
    "max_time": 0.26344847679138184,
    "results_length": 1665
  },
  "1": {
    "times": [
      12.746883630752563,
      12.896127223968506,
      13.242250680923462,
      13.211204528808594,
      13.133065462112427
    ],
    "av_time": 13.04590630531311,
    "min_time": 12.746883630752563,
    "max_time": 13.242250680923462,
    "results_length": 285
  },
  "2": {
    "times": [
      0.9186067581176758,
      0.9667072296142578,
      0.9336307048797607,
      0.9326381683349609,
      0.93715500831604
    ],
    "av_time": 0.937747573852539,
    "min_time": 0.9186067581176758,
    "max_time": 0.9667072296142578,
    "results_length": 0
  },
  "3": {
    "times": [
      0.028049230575561523,
      0.028042316436767578,
      0.03105020523071289,
      0.030064105987548828,
      0.0280458927154541
    ],
    "av_time": 0.029050350189208984,
    "min_time": 0.028042316436767578,
    "max_time": 0.03105020523071289,
    "results_length": 170
  },
  "4": {
    "times": [
      0.0701303482055664,
      0.03204917907714844,
      0.02904367446899414,
      0.029073715209960938,
      0.029050350189208984
    ],
    "av_time": 0.03786945343017578,
    "min_time": 0.02904367446899414,
    "max_time": 0.0701303482055664,
    "results_length": 170
  },
  "5": {
    "times": [
      0.19635272026062012,
      0.19232916831970215,
      0.18934249877929688,
      0.18933391571044922,
      0.19032979011535645
    ],
    "av_time": 0.19153761863708496,
    "min_time": 0.18933391571044922,
    "max_time": 0.19635272026062012,
    "results_length": 1430
  },
  "6": {
    "times": [
      2.209428548812866,
      2.1633107662200928,
      2.200910806655884,
      2.165844678878784,
      2.163331985473633
    ],
    "av_time": 2.180565357208252,
    "min_time": 2.1633107662200928,
    "max_time": 2.209428548812866,
    "results_length": 1435
  },
  "7": {
    "times": [
      0.16629528999328613,
      0.17229962348937988,
      0.1793215274810791,
      0.18381738662719727,
      0.17781591415405273
    ],
    "av_time": 0.17590994834899903,
    "min_time": 0.16629528999328613,
    "max_time": 0.18381738662719727,
    "results_length": 90
  },
  "8": {
    "times": [
      92.90998411178589,
      103.58574652671814,
      107.4476797580719,
      108.98670268058777,
      105.69247555732727
    ],
    "av_time": 103.7245177268982,
    "min_time": 92.90998411178589,
    "max_time": 108.98670268058777,
    "results_length": 285
  },
  "9": {
    "times": [
      7.6324381828308105,
      7.551794052124023,
      7.53874135017395,
      7.578848838806152,
      7.532060146331787
    ],
    "av_time": 7.566776514053345,
    "min_time": 7.532060146331787,
    "max_time": 7.6324381828308105,
    "results_length": 0
  },
  "10": {
    "times": [
      206.7433943748474,
      214.2534580230713,
      218.7005672454834,
      220.2336769104004,
      219.3309965133667
    ],
    "av_time": 215.85241861343383,
    "min_time": 206.7433943748474,
    "max_time": 220.2336769104004,
    "results_length": 170
  },
  "11": {
    "times": [
      6.948371410369873,
      7.9279491901397705,
      8.083900928497314,
      7.350452899932861,
      6.961782932281494
    ],
    "av_time": 7.454491472244262,
    "min_time": 6.948371410369873,
    "max_time": 8.083900928497314,
    "results_length": 170
  },
  "12": {
    "times": [
      3.3636441230773926,
      3.8523213863372803,
      4.263822793960571,
      2.8269705772399902,
      3.089789628982544
    ],
    "av_time": 3.4793097019195556,
    "min_time": 2.8269705772399902,
    "max_time": 4.263822793960571,
    "results_length": 400
  },
  "13": {
    "times": [
      59.768675088882446,
      61.90781235694885,
      57.63892579078674,
      57.20819306373596,
      65.61761212348938
    ],
    "av_time": 60.428243684768674,
    "min_time": 57.20819306373596,
    "max_time": 65.61761212348938,
    "results_length": 1435
  },
  "14": {
    "times": [
      107.95003342628479,
      101.44090867042542,
      100.24516177177429,
      99.769446849823,
      101.47926235198975
    ],
    "av_time": 102.17696261405945,
    "min_time": 99.769446849823,
    "max_time": 107.95003342628479,
    "results_length": 105
  },
  "avg_time": 34.502543659210204,
  "avg_min_time": 32.69529074033101,
  "avg_max_time": 35.995424842834474
}