{
  "0": {
    "times": [
      0.528916597366333,
      0.5439531803131104
    ],
    "av_time": 0.5364348888397217,
    "min_time": 0.528916597366333,
    "max_time": 0.5439531803131104,
    "results_length": 3330
  },
  "1": {
    "times": [
      30.29406213760376,
      30.828989267349243
    ],
    "av_time": 30.5615257024765,
    "min_time": 30.29406213760376,
    "max_time": 30.828989267349243,
    "results_length": 570
  },
  "2": {
    "times": [
      2.006532669067383,
      2.0035219192504883
    ],
    "av_time": 2.0050272941589355,
    "min_time": 2.0035219192504883,
    "max_time": 2.006532669067383,
    "results_length": 0
  },
  "3": {
    "times": [
      0.05107712745666504,
      0.07714700698852539
    ],
    "av_time": 0.06411206722259521,
    "min_time": 0.05107712745666504,
    "max_time": 0.07714700698852539,
    "results_length": 340
  },
  "4": {
    "times": [
      0.04658102989196777,
      0.07863092422485352
    ],
    "av_time": 0.06260597705841064,
    "min_time": 0.04658102989196777,
    "max_time": 0.07863092422485352,
    "results_length": 340
  },
  "5": {
    "times": [
      0.38167715072631836,
      0.3836798667907715
    ],
    "av_time": 0.3826785087585449,
    "min_time": 0.38167715072631836,
    "max_time": 0.3836798667907715,
    "results_length": 2860
  },
  "6": {
    "times": [
      4.565531492233276,
      4.546503782272339
    ],
    "av_time": 4.556017637252808,
    "min_time": 4.546503782272339,
    "max_time": 4.565531492233276,
    "results_length": 2870
  },
  "7": {
    "times": [
      0.3856844902038574,
      0.38768434524536133
    ],
    "av_time": 0.3866844177246094,
    "min_time": 0.3856844902038574,
    "max_time": 0.38768434524536133,
    "results_length": 180
  },
  "8": {
    "times": [
      256.79952120780945,
      254.27965927124023
    ],
    "av_time": 255.53959023952484,
    "min_time": 254.27965927124023,
    "max_time": 256.79952120780945,
    "results_length": 570
  },
  "9": {
    "times": [
      18.82445001602173,
      19.288742780685425
    ],
    "av_time": 19.056596398353577,
    "min_time": 18.82445001602173,
    "max_time": 19.288742780685425,
    "results_length": 0
  },
  "10": {
    "times": [
      505.59160470962524,
      490.3196647167206
    ],
    "av_time": 497.9556347131729,
    "min_time": 490.3196647167206,
    "max_time": 505.59160470962524,
    "results_length": 340
  },
  "11": {
    "times": [
      15.262742519378662,
      15.186636209487915
    ],
    "av_time": 15.224689364433289,
    "min_time": 15.186636209487915,
    "max_time": 15.262742519378662,
    "results_length": 340
  },
  "12": {
    "times": [
      5.692040920257568,
      5.740122079849243
    ],
    "av_time": 5.716081500053406,
    "min_time": 5.692040920257568,
    "max_time": 5.740122079849243,
    "results_length": 800
  },
  "13": {
    "times": [
      104.66513752937317,
      102.23729300498962
    ],
    "av_time": 103.4512152671814,
    "min_time": 102.23729300498962,
    "max_time": 104.66513752937317,
    "results_length": 2870
  },
  "14": {
    "times": [
      237.7049584388733,
      234.3753218650818
    ],
    "av_time": 236.04014015197754,
    "min_time": 234.3753218650818,
    "max_time": 237.7049584388733,
    "results_length": 210
  },
  "avg_time": 78.1026022752126,
  "avg_min_time": 77.27687268257141,
  "avg_max_time": 78.9283318678538
}