{
  "0": {
    "times": [
      0.19434666633605957,
      0.19135832786560059,
      0.1753089427947998,
      0.18534469604492188,
      0.186354398727417,
      0.17130160331726074,
      0.17231392860412598,
      0.18535089492797852,
      0.19134926795959473,
      0.1813511848449707
    ],
    "av_time": 0.18343799114227294,
    "min_time": 0.17130160331726074,
    "max_time": 0.19434666633605957,
    "results_length": 999
  },
  "1": {
    "times": [
      8.295456171035767,
      8.016022682189941,
      8.042521238327026,
      8.11057734489441,
      8.017320394515991,
      8.023433208465576,
      8.1166672706604,
      8.511433601379395,
      8.370269060134888,
      8.791210889816284
    ],
    "av_time": 8.229491186141967,
    "min_time": 8.016022682189941,
    "max_time": 8.791210889816284,
    "results_length": 171
  },
  "2": {
    "times": [
      0.7674319744110107,
      0.7613852024078369,
      0.760425329208374,
      0.7658789157867432,
      0.7459003925323486,
      0.746401309967041,
      0.7563610076904297,
      0.7964603900909424,
      0.7463283538818359,
      0.7553937435150146
    ],
    "av_time": 0.7601966619491577,
    "min_time": 0.7459003925323486,
    "max_time": 0.7964603900909424,
    "results_length": 0
  },
  "3": {
    "times": [
      0.024033308029174805,
      0.02403998374938965,
      0.023048877716064453,
      0.023049592971801758,
      0.023033857345581055,
      0.04256725311279297,
      0.021053075790405273,
      0.020041227340698242,
      0.022029638290405273,
      0.020036935806274414
    ],
    "av_time": 0.02429337501525879,
    "min_time": 0.020036935806274414,
    "max_time": 0.04256725311279297,
    "results_length": 102
  },
  "4": {
    "times": [
      0.022548198699951172,
      0.020546913146972656,
      0.022040128707885742,
      0.04105401039123535,
      0.025063276290893555,
      0.023035287857055664,
      0.02303457260131836,
      0.02303457260131836,
      0.0225527286529541,
      0.02353835105895996
    ],
    "av_time": 0.024644804000854493,
    "min_time": 0.020546913146972656,
    "max_time": 0.04105401039123535,
    "results_length": 102
  },
  "5": {
    "times": [
      0.1582634449005127,
      0.15230441093444824,
      0.1422438621520996,
      0.14227771759033203,
      0.1572573184967041,
      0.15228700637817383,
      0.15024495124816895,
      0.15229296684265137,
      0.15024399757385254,
      0.1462993621826172
    ],
    "av_time": 0.15037150382995607,
    "min_time": 0.1422438621520996,
    "max_time": 0.1582634449005127,
    "results_length": 858
  },
  "6": {
    "times": [
      1.8313062191009521,
      1.7827703952789307,
      1.8424408435821533,
      1.932462453842163,
      1.7822685241699219,
      1.8633697032928467,
      1.8543143272399902,
      1.902467966079712,
      1.880380630493164,
      1.8382461071014404
    ],
    "av_time": 1.8510027170181274,
    "min_time": 1.7822685241699219,
    "max_time": 1.932462453842163,
    "results_length": 861
  },
  "7": {
    "times": [
      0.1572880744934082,
      0.10818696022033691,
      0.12321209907531738,
      0.11820673942565918,
      0.11419844627380371,
      0.1157071590423584,
      0.1147146224975586,
      0.11720800399780273,
      0.1372377872467041,
      0.12220335006713867
    ],
    "av_time": 0.12281632423400879,
    "min_time": 0.10818696022033691,
    "max_time": 0.1572880744934082,
    "results_length": 54
  },
  "8": {
    "times": [
      63.57791090011597,
      61.709001779556274,
      61.78082752227783,
      66.375901222229,
      64.66339707374573,
      61.43978810310364,
      61.734368324279785,
      61.830485343933105,
      62.369710206985474,
      67.60655760765076
    ],
    "av_time": 63.30879480838776,
    "min_time": 61.43978810310364,
    "max_time": 67.60655760765076,
    "results_length": 171
  },
  "9": {
    "times": [
      5.469993829727173,
      5.792625188827515,
      5.3919267654418945,
      5.41679573059082,
      5.592358112335205,
      5.400925636291504,
      5.381714820861816,
      5.344185829162598,
      5.336649179458618,
      5.397080898284912
    ],
    "av_time": 5.452425599098206,
    "min_time": 5.336649179458618,
    "max_time": 5.792625188827515,
    "results_length": 0
  },
  "10": {
    "times": [
      131.60448813438416,
      133.69889307022095,
      132.3038308620453,
      132.79849123954773,
      130.162024974823,
      127.60935497283936,
      127.59071445465088,
      129.47897028923035,
      128.64954352378845,
      129.26867413520813
    ],
    "av_time": 130.31649856567384,
    "min_time": 127.59071445465088,
    "max_time": 133.69889307022095,
    "results_length": 102
  },
  "11": {
    "times": [
      4.137529373168945,
      4.11155104637146,
      4.113570690155029,
      4.2277421951293945,
      4.032270908355713,
      4.010261535644531,
      4.157070159912109,
      4.125088691711426,
      4.283747911453247,
      4.1645848751068115
    ],
    "av_time": 4.1363417387008665,
    "min_time": 4.010261535644531,
    "max_time": 4.283747911453247,
    "results_length": 102
  },
  "12": {
    "times": [
      2.019644021987915,
      1.9895920753479004,
      1.9690508842468262,
      2.0026791095733643,
      1.982652187347412,
      1.964083194732666,
      2.0147457122802734,
      1.954566240310669,
      2.0297369956970215,
      1.9565863609313965
    ],
    "av_time": 1.9883336782455445,
    "min_time": 1.954566240310669,
    "max_time": 2.0297369956970215,
    "results_length": 240
  },
  "13": {
    "times": [
      41.88204097747803,
      42.052090644836426,
      42.20538330078125,
      42.084742307662964,
      42.61237549781799,
      42.77097773551941,
      42.469783782958984,
      43.57274675369263,
      41.181705713272095,
      41.68814539909363
    ],
    "av_time": 42.25199921131134,
    "min_time": 41.181705713272095,
    "max_time": 43.57274675369263,
    "results_length": 861
  },
  "14": {
    "times": [
      66.44449758529663,
      62.906522274017334,
      62.873363733291626,
      62.53755283355713,
      63.83261275291443,
      64.644118309021,
      62.7324743270874,
      64.00530457496643,
      66.08512330055237,
      66.2522439956665
    ],
    "av_time": 64.23138136863709,
    "min_time": 62.53755283355713,
    "max_time": 66.44449758529663,
    "results_length": 63
  },
  "avg_time": 21.535468635559084,
  "avg_min_time": 21.003849728902182,
  "avg_max_time": 22.369497219721477
}