{
  "0": {
    "times": [
      0.12821173667907715,
      0.12124443054199219,
      0.12423276901245117,
      0.1302201747894287,
      0.12122321128845215,
      0.12223529815673828,
      0.12322568893432617,
      0.12222957611083984,
      0.12221789360046387,
      0.12323951721191406
    ],
    "av_time": 0.12382802963256836,
    "min_time": 0.12122321128845215,
    "max_time": 0.1302201747894287,
    "results_length": 333
  },
  "1": {
    "times": [
      5.369600057601929,
      5.399982213973999,
      5.339075565338135,
      5.354098796844482,
      5.3697075843811035,
      5.317147970199585,
      5.337924480438232,
      5.353979825973511,
      5.345913410186768,
      5.325148582458496
    ],
    "av_time": 5.351257848739624,
    "min_time": 5.317147970199585,
    "max_time": 5.399982213973999,
    "results_length": 57
  },
  "2": {
    "times": [
      0.5199596881866455,
      0.5230183601379395,
      0.521005392074585,
      0.5289516448974609,
      0.5259485244750977,
      0.5234863758087158,
      0.5324733257293701,
      0.5301902294158936,
      0.5206856727600098,
      0.5235092639923096
    ],
    "av_time": 0.5249228477478027,
    "min_time": 0.5199596881866455,
    "max_time": 0.5324733257293701,
    "results_length": 0
  },
  "3": {
    "times": [
      0.013020515441894531,
      0.014020919799804688,
      0.01502370834350586,
      0.015032291412353516,
      0.015529632568359375,
      0.015542745590209961,
      0.01502680778503418,
      0.014019966125488281,
      0.01303243637084961,
      0.014012813568115234
    ],
    "av_time": 0.014426183700561524,
    "min_time": 0.013020515441894531,
    "max_time": 0.015542745590209961,
    "results_length": 34
  },
  "4": {
    "times": [
      0.012009859085083008,
      0.01454019546508789,
      0.015542030334472656,
      0.015024900436401367,
      0.014020919799804688,
      0.014022588729858398,
      0.014019966125488281,
      0.015029430389404297,
      0.014521598815917969,
      0.013039350509643555
    ],
    "av_time": 0.014177083969116211,
    "min_time": 0.012009859085083008,
    "max_time": 0.015542030334472656,
    "results_length": 34
  },
  "5": {
    "times": [
      0.1132361888885498,
      0.10620355606079102,
      0.10320734977722168,
      0.10919952392578125,
      0.10619425773620605,
      0.10819244384765625,
      0.10320234298706055,
      0.10619449615478516,
      0.10518765449523926,
      0.10518956184387207
    ],
    "av_time": 0.10660073757171631,
    "min_time": 0.10320234298706055,
    "max_time": 0.1132361888885498,
    "results_length": 286
  },
  "6": {
    "times": [
      1.2650055885314941,
      1.2905449867248535,
      1.2724096775054932,
      1.2784221172332764,
      1.2662279605865479,
      1.2877662181854248,
      1.2565672397613525,
      1.2633168697357178,
      1.2656419277191162,
      1.2608985900878906
    ],
    "av_time": 1.2706801176071167,
    "min_time": 1.2565672397613525,
    "max_time": 1.2905449867248535,
    "results_length": 287
  },
  "7": {
    "times": [
      0.07914185523986816,
      0.09322690963745117,
      0.07721161842346191,
      0.07219696044921875,
      0.07518219947814941,
      0.07515335083007812,
      0.07610082626342773,
      0.0781407356262207,
      0.07516121864318848,
      0.07615947723388672
    ],
    "av_time": 0.07776751518249511,
    "min_time": 0.07219696044921875,
    "max_time": 0.09322690963745117,
    "results_length": 18
  },
  "8": {
    "times": [
      38.251991510391235,
      38.32358980178833,
      38.35200023651123,
      38.267484188079834,
      39.726996660232544,
      40.707178354263306,
      42.225584983825684,
      40.80597710609436,
      39.960808515548706,
      40.29746222496033
    ],
    "av_time": 39.69190735816956,
    "min_time": 38.251991510391235,
    "max_time": 42.225584983825684,
    "results_length": 57
  },
  "9": {
    "times": [
      3.706190347671509,
      3.765169143676758,
      3.7442641258239746,
      3.867382764816284,
      3.8114585876464844,
      3.7737913131713867,
      3.847933292388916,
      4.090119123458862,
      4.164806604385376,
      4.086770057678223
    ],
    "av_time": 3.8857885360717774,
    "min_time": 3.706190347671509,
    "max_time": 4.164806604385376,
    "results_length": 0
  },
  "10": {
    "times": [
      80.12891221046448,
      79.10775327682495,
      78.63463521003723,
      79.28758907318115,
      83.8460533618927,
      82.61303305625916,
      82.07517337799072,
      78.57807350158691,
      78.33389139175415,
      77.9697756767273
    ],
    "av_time": 80.05748901367187,
    "min_time": 77.9697756767273,
    "max_time": 83.8460533618927,
    "results_length": 34
  },
  "11": {
    "times": [
      2.438443183898926,
      2.487825870513916,
      2.4411587715148926,
      2.581751585006714,
      2.614806890487671,
      2.4820544719696045,
      2.5006120204925537,
      2.5175936222076416,
      2.535391330718994,
      2.436993360519409
    ],
    "av_time": 2.503663110733032,
    "min_time": 2.436993360519409,
    "max_time": 2.614806890487671,
    "results_length": 34
  },
  "12": {
    "times": [
      1.4558343887329102,
      1.3333561420440674,
      1.2956464290618896,
      1.2844018936157227,
      1.3144209384918213,
      1.2855911254882812,
      1.2774159908294678,
      1.2824187278747559,
      1.3074324131011963,
      1.2853302955627441
    ],
    "av_time": 1.3121848344802856,
    "min_time": 1.2774159908294678,
    "max_time": 1.4558343887329102,
    "results_length": 80
  },
  "13": {
    "times": [
      29.864139556884766,
      30.34030055999756,
      29.47630500793457,
      29.59835696220398,
      28.928425788879395,
      29.08282470703125,
      28.97183847427368,
      28.886608839035034,
      28.867992877960205,
      28.907033443450928
    ],
    "av_time": 29.292382621765135,
    "min_time": 28.867992877960205,
    "max_time": 30.34030055999756,
    "results_length": 287
  },
  "14": {
    "times": [
      39.46647500991821,
      38.59988570213318,
      38.06370401382446,
      38.30336809158325,
      38.993175745010376,
      39.17764639854431,
      38.96004939079285,
      39.16579985618591,
      38.99234914779663,
      39.063124656677246
    ],
    "av_time": 38.87855780124664,
    "min_time": 38.06370401382446,
    "max_time": 39.46647500991821,
    "results_length": 21
  },
  "avg_time": 13.54037557601929,
  "avg_min_time": 13.199292771021526,
  "avg_max_time": 14.113642024993897
}