{
  "0": {
    "times": [
      0.1747903823852539,
      0.15977716445922852,
      0.16631865501403809,
      0.16129374504089355,
      0.16231775283813477,
      0.16930556297302246,
      0.14325523376464844,
      0.1542832851409912,
      0.14725089073181152,
      0.1483020782470703
    ],
    "av_time": 0.15868947505950928,
    "min_time": 0.14325523376464844,
    "max_time": 0.1747903823852539,
    "results_length": 666
  },
  "1": {
    "times": [
      6.990552186965942,
      7.109025239944458,
      7.127024412155151,
      6.575014352798462,
      6.451299428939819,
      7.713778018951416,
      7.806948661804199,
      7.556461334228516,
      7.709022760391235,
      8.011431694030762
    ],
    "av_time": 7.305055809020996,
    "min_time": 6.451299428939819,
    "max_time": 8.011431694030762,
    "results_length": 114
  },
  "2": {
    "times": [
      0.6341261863708496,
      0.5871233940124512,
      0.6602404117584229,
      0.650146484375,
      0.6872665882110596,
      0.6732008457183838,
      0.5715243816375732,
      0.6742596626281738,
      0.6662352085113525,
      0.5670089721679688
    ],
    "av_time": 0.6371132135391235,
    "min_time": 0.5670089721679688,
    "max_time": 0.6872665882110596,
    "results_length": 0
  },
  "3": {
    "times": [
      0.015025854110717773,
      0.01854085922241211,
      0.018529653549194336,
      0.02603912353515625,
      0.02004098892211914,
      0.018018007278442383,
      0.018059253692626953,
      0.018030643463134766,
      0.018027305603027344,
      0.01702570915222168
    ],
    "av_time": 0.018733739852905273,
    "min_time": 0.015025854110717773,
    "max_time": 0.02603912353515625,
    "results_length": 68
  },
  "4": {
    "times": [
      0.02002549171447754,
      0.020555496215820312,
      0.019037246704101562,
      0.018027067184448242,
      0.020030736923217773,
      0.02403545379638672,
      0.023556232452392578,
      0.023538589477539062,
      0.05107617378234863,
      0.024062395095825195
    ],
    "av_time": 0.02439448833465576,
    "min_time": 0.018027067184448242,
    "max_time": 0.05107617378234863,
    "results_length": 68
  },
  "5": {
    "times": [
      0.15326452255249023,
      0.11321520805358887,
      0.12423968315124512,
      0.12273025512695312,
      0.12922334671020508,
      0.1583101749420166,
      0.13625335693359375,
      0.1352384090423584,
      0.1452784538269043,
      0.15726542472839355
    ],
    "av_time": 0.1375018835067749,
    "min_time": 0.11321520805358887,
    "max_time": 0.1583101749420166,
    "results_length": 572
  },
  "6": {
    "times": [
      1.5217914581298828,
      1.442594051361084,
      1.3654906749725342,
      1.3364081382751465,
      1.4266026020050049,
      1.3544740676879883,
      1.3574371337890625,
      1.4231610298156738,
      1.4091010093688965,
      1.4236085414886475
    ],
    "av_time": 1.4060668706893922,
    "min_time": 1.3364081382751465,
    "max_time": 1.5217914581298828,
    "results_length": 574
  },
  "7": {
    "times": [
      0.0861670970916748,
      0.10918521881103516,
      0.11020541191101074,
      0.1012108325958252,
      0.08817648887634277,
      0.08715462684631348,
      0.10719084739685059,
      0.11021113395690918,
      0.09720277786254883,
      0.08215451240539551
    ],
    "av_time": 0.09788589477539063,
    "min_time": 0.08215451240539551,
    "max_time": 0.11021113395690918,
    "results_length": 36
  },
  "8": {
    "times": [
      49.360761880874634,
      52.98181438446045,
      50.41924715042114,
      49.603177547454834,
      47.358911752700806,
      47.20818591117859,
      46.8074996471405,
      47.57336068153381,
      48.18946433067322,
      50.19043850898743
    ],
    "av_time": 48.96928617954254,
    "min_time": 46.8074996471405,
    "max_time": 52.98181438446045,
    "results_length": 114
  },
  "9": {
    "times": [
      4.473231077194214,
      4.598405361175537,
      4.3467090129852295,
      4.083342790603638,
      4.185682058334351,
      4.195685386657715,
      4.156691789627075,
      4.0974953174591064,
      4.127448320388794,
      4.255905389785767
    ],
    "av_time": 4.252059650421143,
    "min_time": 4.083342790603638,
    "max_time": 4.598405361175537,
    "results_length": 0
  },
  "10": {
    "times": [
      97.9222183227539,
      98.41857051849365,
      111.73463749885559,
      103.08050560951233,
      104.6889750957489,
      103.80080199241638,
      97.46454977989197,
      99.61804819107056,
      96.47121119499207,
      94.62941098213196
    ],
    "av_time": 100.78289291858673,
    "min_time": 94.62941098213196,
    "max_time": 111.73463749885559,
    "results_length": 68
  },
  "11": {
    "times": [
      3.0555999279022217,
      2.9684126377105713,
      2.9975340366363525,
      2.9827475547790527,
      2.9273409843444824,
      3.019541025161743,
      2.8852508068084717,
      3.0174503326416016,
      2.927377462387085,
      3.0956835746765137
    ],
    "av_time": 2.9876938343048094,
    "min_time": 2.8852508068084717,
    "max_time": 3.0956835746765137,
    "results_length": 68
  },
  "12": {
    "times": [
      1.467731237411499,
      1.4717483520507812,
      1.5389962196350098,
      1.529778003692627,
      1.5237245559692383,
      1.5427780151367188,
      1.5348634719848633,
      1.4286153316497803,
      1.4757449626922607,
      1.546783447265625
    ],
    "av_time": 1.5060763597488402,
    "min_time": 1.4286153316497803,
    "max_time": 1.546783447265625,
    "results_length": 160
  },
  "13": {
    "times": [
      32.38643980026245,
      32.10407900810242,
      35.16126203536987,
      35.209275245666504,
      34.71462655067444,
      32.118725061416626,
      31.9874484539032,
      32.10288619995117,
      32.17411947250366,
      32.28428912162781
    ],
    "av_time": 33.024315094947816,
    "min_time": 31.9874484539032,
    "max_time": 35.209275245666504,
    "results_length": 574
  },
  "14": {
    "times": [
      47.82159399986267,
      50.85026454925537,
      49.124221086502075,
      47.519367694854736,
      47.28971314430237,
      47.479300022125244,
      47.31567859649658,
      47.965699672698975,
      47.081586599349976,
      47.59161424636841
    ],
    "av_time": 48.00390396118164,
    "min_time": 47.081586599349976,
    "max_time": 50.85026454925537,
    "results_length": 42
  },
  "avg_time": 16.62077795823415,
  "avg_min_time": 15.841969935099284,
  "avg_max_time": 18.050518719355264
}