{
  "0": {
    "times": [
      0.38768672943115234,
      0.3736598491668701
    ],
    "av_time": 0.38067328929901123,
    "min_time": 0.3736598491668701,
    "max_time": 0.38768672943115234,
    "results_length": 2331
  },
  "1": {
    "times": [
      20.674163818359375,
      21.05385994911194
    ],
    "av_time": 20.864011883735657,
    "min_time": 20.674163818359375,
    "max_time": 21.05385994911194,
    "results_length": 399
  },
  "2": {
    "times": [
      1.3483614921569824,
      1.3483750820159912
    ],
    "av_time": 1.3483682870864868,
    "min_time": 1.3483614921569824,
    "max_time": 1.3483750820159912,
    "results_length": 0
  },
  "3": {
    "times": [
      0.0355677604675293,
      0.33464694023132324
    ],
    "av_time": 0.18510735034942627,
    "min_time": 0.0355677604675293,
    "max_time": 0.33464694023132324,
    "results_length": 238
  },
  "4": {
    "times": [
      0.06612658500671387,
      0.07814335823059082
    ],
    "av_time": 0.07213497161865234,
    "min_time": 0.06612658500671387,
    "max_time": 0.07814335823059082,
    "results_length": 238
  },
  "5": {
    "times": [
      0.3107626438140869,
      0.2665998935699463
    ],
    "av_time": 0.2886812686920166,
    "min_time": 0.2665998935699463,
    "max_time": 0.3107626438140869,
    "results_length": 2002
  },
  "6": {
    "times": [
      2.809950590133667,
      2.915666341781616
    ],
    "av_time": 2.8628084659576416,
    "min_time": 2.809950590133667,
    "max_time": 2.915666341781616,
    "results_length": 2009
  },
  "7": {
    "times": [
      0.24744844436645508,
      0.2494349479675293
    ],
    "av_time": 0.2484416961669922,
    "min_time": 0.24744844436645508,
    "max_time": 0.2494349479675293,
    "results_length": 126
  },
  "8": {
    "times": [
      150.47472500801086,
      173.04617738723755
    ],
    "av_time": 161.7604511976242,
    "min_time": 150.47472500801086,
    "max_time": 173.04617738723755,
    "results_length": 399
  },
  "9": {
    "times": [
      11.00633978843689,
      11.149619102478027
    ],
    "av_time": 11.077979445457458,
    "min_time": 11.00633978843689,
    "max_time": 11.149619102478027,
    "results_length": 0
  },
  "10": {
    "times": [
      347.8420956134796,
      347.4330484867096
    ],
    "av_time": 347.6375720500946,
    "min_time": 347.4330484867096,
    "max_time": 347.8420956134796,
    "results_length": 238
  },
  "11": {
    "times": [
      10.861041069030762,
      10.902149677276611
    ],
    "av_time": 10.881595373153687,
    "min_time": 10.861041069030762,
    "max_time": 10.902149677276611,
    "results_length": 238
  },
  "12": {
    "times": [
      4.120236873626709,
      4.066135883331299
    ],
    "av_time": 4.093186378479004,
    "min_time": 4.066135883331299,
    "max_time": 4.120236873626709,
    "results_length": 560
  },
  "13": {
    "times": [
      74.99657273292542,
      72.88001012802124
    ],
    "av_time": 73.93829143047333,
    "min_time": 72.88001012802124,
    "max_time": 74.99657273292542,
    "results_length": 2009
  },
  "14": {
    "times": [
      166.51266932487488,
      171.985524892807
    ],
    "av_time": 169.24909710884094,
    "min_time": 166.51266932487488,
    "max_time": 171.985524892807,
    "results_length": 147
  },
  "avg_time": 53.65922667980194,
  "avg_min_time": 52.603723208109535,
  "avg_max_time": 54.714730151494344
}